"dataa","flt01","f0104","f0509","f1014","f1519","f2029","f3039","f4049","f5059","f6069","f7079","fmm80","f1019","f2059","f6079"
"2002-01-01",280.550988117767,133.275661053866,31.3613314720215,15.0660929146673,14.2181466181471,14.9920667121547,16.8239931468463,20.9377583105871,32.9793145891128,55.6543752651155,108.31884238677,207.766473891349,14.6327508165769,19.3655668255032,74.4908503736891
"2002-02-01",260.292247075978,120.313513035388,27.2208076129428,14.7611616660846,13.0094850756497,14.375165029674,15.8761625470239,20.441059664533,32.0195766162646,55.2256263502998,103.450579807589,203.810756022885,13.8659691143982,18.6326597797434,72.47422270108
"2002-03-01",303.105512983588,138.647150099635,30.8029881031457,15.4768166372481,12.6998771928425,13.0769598407173,14.9621830400524,18.2686853664064,29.8877692606459,51.048782083385,95.0801487403246,194.621319128452,14.0576645399428,17.1332040533364,66.7974602217971
"2002-04-01",398.419654831331,158.611041975178,33.9456708069639,14.7415315029185,12.1333165437473,11.4379157639093,13.0621047418901,15.9003461660646,25.6258408301774,44.245205869227,84.9901914618031,175.384568475295,13.4086878105232,14.8882610195817,58.8145875835001
"2002-05-01",483.671902283229,176.773941944989,35.2279349455372,14.7966642892002,11.4285387074347,11.7046706872879,13.2147390568723,16.0104272083709,24.562204834868,44.2185606934757,84.9097066972334,168.840160370654,13.0755988863044,14.8997485607156,58.7648267744287
"2002-06-01",511.652296771403,172.087710001226,33.938671586767,14.6148518707104,11.826969466538,11.675963669769,13.1935393580542,16.5159617167689,26.4232077552243,46.1077992293431,91.1699005519124,189.027814092645,13.1903705414244,15.2578235287086,62.2123026724435
"2002-07-01",481.129788945479,165.847821525254,33.5806909955521,14.4767434456372,12.4294969651112,12.8104243580149,14.731788601829,18.3051451200389,28.4115214164458,51.9856001231675,99.2219733358768,205.418522333176,13.4307561323355,16.7715038192002,68.8620878074726
"2002-08-01",424.222194339691,153.624712055425,32.8622875840675,15.4255088184366,12.8237956054455,13.4701671165246,15.6651362679858,19.4785676829654,31.4693037632878,54.9563264055843,109.209244545009,223.987210344651,14.0963109590582,17.9607848604509,74.3338283750497
"2002-09-01",373.813219513962,155.509749619919,41.6983678265954,22.2533272757263,15.2363714997355,13.9164244441003,15.4649276891774,19.1004451694742,32.229150893623,52.9298468980474,105.350293491958,216.548395079556,18.6686271579713,18.0860954457459,71.6471860191167
"2002-10-01",356.688778733436,148.566997964032,40.4244174016529,21.4263657864125,15.9469129544166,14.1001378722037,15.5453368788892,19.0513903149907,29.9367339315598,53.1496225180493,104.347519764885,214.174932624394,18.627288111053,17.8385245623491,71.4225651300961
"2002-11-01",356.765938795127,141.544664310396,36.510205544043,19.803661674511,13.811028681862,12.8154243802844,13.8564171264287,18.1776918348723,28.4460654245725,49.6638100846206,96.5064756677343,202.549125605058,16.7426211877851,16.499677820543,66.3751087884255
"2002-12-01",328.361997921593,129.892188377643,31.3738014637984,16.0751890509865,12.2962466936592,11.6371348879001,13.0296480051532,16.3426709521521,25.1904379858002,43.646132954021,90.1221020538033,188.192315511536,14.1450203737925,14.9826838594223,60.2194160483032
"2003-01-01",321.136718609901,120.442663629939,25.7750839333535,13.9254694470259,12.5541908392568,11.6153846928773,13.1631986838725,16.3947168503151,25.003868274552,45.8766130177647,94.2939066272063,203.320077573694,13.2284754872303,15.0413218006814,63.1627591531497
"2003-02-01",285.741057489665,106.649068860915,22.5355011907103,11.7723278308578,10.650015905078,10.6934243345202,12.3325798456634,15.3158275674546,23.1204168865126,41.8623151319788,84.3262719089827,188.419428962638,11.2019596587882,13.9710532379745,57.0209038054458
"2003-03-01",352.074285258367,133.031511541571,27.1118794010728,13.1824595802896,11.3113880229812,11.0756822562988,12.3294255679345,15.7776831882113,22.3947829325155,41.673834338447,79.4409640642263,175.419401457941,12.2317007075454,14.1027675479948,55.153921793549
"2003-04-01",475.281212565722,170.746580296937,33.6835830489257,15.4084744384513,12.7197968393561,11.4829526744469,13.279077044568,16.585173552637,24.2768116442997,47.5663808195849,91.812550035166,191.733537441534,14.0425315329388,14.9633290847775,63.3541709512877
"2003-05-01",588.65338800562,188.839608604083,36.2974894810164,16.6311236116563,13.1433155186033,12.1023583803339,14.2202659625835,18.3814347869284,28.3116004588987,51.5352571729618,105.064387197816,219.911252408307,14.859546880402,16.4262985207103,70.6294871430119
"2003-06-01",558.61160858742,186.917990659127,38.5426867757724,16.5690596512658,13.9107659234684,13.2446093930362,15.4829044180273,19.8834329674478,31.0023889243445,53.4996042184252,113.795107777884,235.895778061085,15.2190910713951,17.905124682904,75.000796186796
"2003-07-01",539.939531397233,185.707486752291,37.7876586312399,17.2386035396178,15.5854285000759,14.86833205447,17.2100461737797,21.6576946202015,33.9245920995509,60.3042332028273,126.811609223899,259.147150326694,16.3992006991022,19.778111611555,84.0141240210693
"2003-08-01",445.066312433718,154.437118102997,29.8997701581859,13.9012552768192,12.7332229978069,12.5190721749917,15.63625338454,20.0572975397435,32.7362521959384,60.1094483664396,119.296313869441,239.352194204616,13.3082791595181,17.9792696270748,81.2038207901456
"2003-09-01",388.293927303734,150.446099199562,33.0540605987265,14.6330520219234,12.0596805050017,12.3266014210005,15.0175952711548,19.4981015135667,31.2995866677508,57.4773585997452,115.191699395181,241.468274570933,13.3268346063814,17.4061416120166,78.0412797201563
"2003-10-01",383.762904147514,152.165514231632,33.4498411148595,14.5954979632473,11.7170776129718,11.6495992314141,13.9632813898306,18.3669907435946,28.4372157941109,55.0232363483102,111.61119901708,232.134802103078,13.1346175328995,16.2070151520006,75.1824357162644
"2003-11-01",377.017238064142,149.079603159677,32.7410739697983,14.4311210262131,11.6197424817375,11.1379801761338,13.6487230118955,17.1922877896874,27.3470621722436,50.5861273753128,102.312673357559,211.374023863015,13.0044391565598,15.5199538992875,69.0103605908401
"2003-12-01",344.381552586022,135.566144693955,30.6137821895389,13.8604675297456,11.1711614066549,11.3394402648739,12.4793213745037,16.8144109392579,26.3448644011602,48.1785715081397,97.3030808446361,203.50779751625,12.4958991483759,15.0343586182052,65.6730329312829
"2004-01-01",302.28644885223,114.845417400957,24.4115549659863,11.799750603116,10.2942220593755,10.6921062688274,12.7311054027259,15.8165263066821,24.739057251247,44.6612797360807,92.1444704291146,198.936360698451,11.0401209228697,14.4712850446138,61.567440320929
"2004-02-01",266.726422524443,102.748449687261,21.4860405708596,10.9863685058284,10.4854891890003,10.9221716340004,13.0608735693298,16.3872981037413,25.031873946347,47.470367371575,98.0350233297454,199.436029661483,10.7336900056737,14.8144627581111,65.4690573392217
"2004-03-01",345.175830636012,134.8586877014,27.7942637706005,14.4750281575581,14.0547812464308,13.4065676098813,14.7860246408285,18.1130495657834,29.8032725832805,60.7924271241315,120.31821181096,257.675657239591,14.2630642854385,17.2568372094828,81.9754230504926
"2004-04-01",446.813384772035,163.873277158073,32.3200606724898,16.2970755116733,16.2592334773525,14.959412902229,15.1548986662643,19.8407333466081,33.5140672143057,68.6235810997708,146.039148008494,304.240803969459,16.2779929998945,18.8373219040145,96.1665080326523
"2004-05-01",555.09687013756,180.578923504642,35.3101501083221,16.1774519605558,15.6410876697806,14.781687901427,16.0847167450239,20.2618429909304,32.4029358989346,65.6946054428951,135.31962717169,298.091150740827,15.9070409097095,18.9615781911503,90.4600575041278
"2004-06-01",553.488809130564,173.868484149394,34.5054117220647,15.1130527185784,14.7324302424766,13.7264604287794,14.9389991586463,19.8787760003645,32.0178207614764,64.4543809538052,133.298746114789,284.216323939339,14.9212025033182,18.1285959248621,88.9364446955394
"2004-07-01",518.680569529788,159.890360895386,33.975769541105,14.235801847346,13.4969080639279,13.3438439554548,15.1919777145174,19.5380698915277,31.9914949837254,64.4990350329045,133.987660036016,302.89412079379,13.8634330821494,17.9839586685468,89.1991807059054
"2004-08-01",443.572915812735,140.563590818907,30.3397037887614,12.9035663885295,12.3091321489171,12.9122383538509,14.3905508737179,19.0887780068838,30.5299116891318,60.8497481950907,127.704233400696,277.636291020838,12.6040515985457,17.2937723352378,84.6029314428006
"2004-09-01",394.240322717087,139.545021052205,31.8429361677219,13.6352287239268,11.6606247915214,11.7756799900221,14.0416271245268,19.2100112094352,30.4519160732777,59.9479222899123,124.022492584427,277.255923883401,12.6404705212834,16.8119738194002,82.7031792929406
"2004-10-01",351.101195107649,136.839228038122,32.2681257783892,13.896250758261,12.0260754577061,11.7833560870791,14.3898959511063,19.5627650869024,29.9094843261209,59.1937081639481,124.43342563408,261.249844711276,12.9542037238179,16.9101217193083,82.3540166624514
"2004-11-01",337.794535797835,132.548140601121,31.5715040741094,13.4914640544732,11.6410581974419,11.5202770186172,13.3318405301621,18.1740525440111,29.4142795505911,53.7022750796399,112.729558033455,246.359903822655,12.5594769398624,16.1409881202561,74.6492214982342
"2004-12-01",297.818635669312,121.031799763581,28.7267640230472,12.4127859132319,10.484234498263,10.3016229348465,12.5139732478577,16.7478758824623,23.2340213746426,47.8399397033129,99.2358515375824,217.971712632262,11.4415456366496,14.2570175436264,66.0718256984209
"2005-01-01",276.418940424471,105.242931997501,24.1237796027992,10.697772598745,10.1777697981605,10.3623782168813,12.6161800582131,15.6635952064139,23.7385205097581,46.9989635651667,98.9759795968329,214.966916459723,10.436955078366,14.1879452385583,65.4108716008596
"2005-02-01",236.504022729783,85.4737045565627,19.6277041617391,9.56589722969262,9.84424758548508,9.80154346548114,11.5615383188604,15.2244782263667,21.8697206433009,42.6956706510674,86.8546192486931,201.398288425348,9.70550869057424,13.3220868759327,58.3341706750013
"2005-03-01",274.029016425538,110.074879387043,25.9992363376917,11.451315604677,10.7929866254356,10.4571255316706,12.4430539607775,16.5206501291208,23.8939918639743,44.827569801231,93.9621879952636,210.723483961602,11.1211206173514,14.3908374564061,62.2237057038112
"2005-04-01",383.035551962059,144.704050019559,30.5021136249869,12.3129234761976,11.1878582444112,11.1947653074189,12.8025177598466,17.6676916723876,25.7204182170341,48.5902008615393,106.762897298341,230.262837080021,11.7485942956317,15.2807411993106,69.1813562297013
"2005-05-01",489.267662529916,172.960685579743,34.7998389854297,13.7926430581807,11.698074485446,11.5513402455242,13.8803513995756,18.3115557829517,28.1877212149526,55.0186580794443,116.523050758089,256.456521148426,12.7419479329243,16.2192536180818,76.7839133297552
"2005-06-01",539.208614333426,178.463849394598,36.4940609754663,13.1969638493871,11.365507964097,12.0279411110644,13.6963308372803,19.5533817613338,28.8598699536032,56.4102822209466,122.168089259635,285.293121931953,12.2781956455961,16.7157029920029,79.6751642952557
"2005-07-01",508.350758407398,165.634959059639,34.9047459706884,13.1610104069161,10.6766509762519,11.8367322112899,14.4110873607009,19.1457179252181,30.8895237234694,59.8244997705026,129.693629495123,290.679966721044,11.9147157793995,17.0605147925218,84.5373141287625
"2005-08-01",437.968241788421,144.660826989161,31.9182877867862,12.8223207387288,10.613798731667,12.1973466564257,14.1054203475672,19.3138422240158,30.2740412529532,60.2597143227435,130.860705482661,294.26603967694,11.7144098763323,17.0472056215707,85.2246611277551
"2005-09-01",344.485230306141,135.77055289402,33.0672556005822,12.3413826215288,9.95545143554729,10.7514968195596,13.4530808786863,17.5098593712242,27.7820614716663,53.60930068183,115.91075042424,257.963358528743,11.1444828242162,15.5821829644334,75.6335242437292
"2005-10-01",314.883994846859,128.182002278074,30.7458372522096,11.9519184763122,9.20824189304377,10.2142049375797,12.7539474397482,16.3876063688103,25.5841874571073,49.747253431691,106.324618199807,247.557961202047,10.5754840918206,14.6185083027205,69.7401719626494
"2005-11-01",318.165235807087,128.228212381534,31.6485843995361,12.4585617402986,9.06918733142984,9.96677535975582,12.0272975043639,16.2460637927354,24.0150220345161,48.0092778861993,101.95275294791,237.993818796485,10.7581078124995,14.0635213211242,67.0640154056543
"2005-12-01",282.467522527839,112.932891122603,27.9869639909371,11.572206115311,8.92367077663738,9.83535539595316,12.0144598425026,15.6732765580506,23.846979868116,47.1080359402447,98.3978831263753,219.477639632415,10.2433626256435,13.860063426894,65.2183326222945
"2006-01-01",257.476269201364,99.7820368788219,23.057330919346,10.4210585753941,8.5192925295507,10.0012165044283,11.5672576027558,15.6787757824083,22.9851510011466,42.6839208208138,96.1345166233388,217.01973504377,9.46968524946658,13.715819347014,61.5116751718309
"2006-02-01",221.835269422513,84.2028137297011,18.9245218256816,8.72438504394828,7.79042973783235,8.54437559110874,10.5773977310736,13.8380412780154,21.3678602341617,40.0129304133048,86.0080371752408,203.277613290993,8.25711335622692,12.2752855945255,56.209893501055
"2006-03-01",261.797566025692,106.083410899608,24.8694452345743,10.1167034466477,8.70098827864566,9.11894674843469,11.4462818696612,15.1054919556516,21.4640241764206,41.550490715661,88.7647589727204,209.845918323954,9.40831941544784,13.0129655338951,58.1720207888432
"2006-04-01",345.7877431612,141.995060046222,31.8493845418911,12.6173986939892,9.3283923338906,10.037352515347,11.9159569392923,16.1112757645763,22.8321023919972,45.0796522779095,97.3588208439294,219.934229841208,10.9710092937536,13.8972925443312,63.4823814614802
"2006-05-01",476.139728155367,175.320202460527,41.560808138306,16.6448261792244,12.1770171563583,12.3245193904019,14.3987422762711,18.9350583383715,28.9482263582956,55.3291674379821,117.761987704409,272.765481403207,14.4074575793978,16.9496311467841,77.3038349284244
"2006-06-01",529.003652569959,190.389639704136,46.3582772628891,19.1564460598237,13.2764700913933,13.5961238143715,15.953123216177,21.6378749446133,31.990423119204,60.5723872150888,134.537689363691,303.430236962667,16.2107109029178,18.8951047598862,86.6035254796316
"2006-07-01",533.087730959825,177.843615798194,41.2917356070481,16.634717498834,13.1438765518153,13.3851345410115,15.7655747689129,21.5842877619325,33.5330303144287,63.2861846825042,144.288022221209,315.870913477197,14.8858308893854,18.9965799026386,91.7841303537059
"2006-08-01",475.413878579386,161.228524255859,33.6842902692985,14.4012161950442,11.0064006121162,11.8990016015266,14.4190693801345,20.3014267090632,31.7050625166141,60.6082266872254,137.400891727986,317.441938447905,12.7003848853799,17.5421708592217,87.6161660557077
"2006-09-01",392.733028272946,139.463079825745,32.6814747133886,13.1713977023286,10.1795351608781,10.568098440335,12.8360051017426,17.9146109846136,28.2486178300195,55.7025627695996,122.988464981611,277.333732016147,11.6724027339491,15.5759651137999,79.3589424297444
"2006-10-01",343.551474695925,130.958080017076,30.5181846199665,12.2332870948593,9.47625829423424,9.56179481336081,11.5321723008094,15.8841041733369,25.2761664445138,48.8682010107696,111.379104841656,251.220289643572,10.851871947911,13.9531866397205,70.8488373037708
"2006-11-01",338.183335884498,128.85077561105,28.4647029488851,12.0943345087018,8.8115142644453,9.01164051464336,11.1038400500099,15.2184082060836,22.8019447020617,46.0036812426735,102.518484194729,228.936707204937,10.4493780835763,13.1136029031772,65.8786782820879
"2006-12-01",316.832042387536,121.393560108073,26.6457592877326,11.5129821232007,8.8523294804654,8.91577710981949,9.98401823597758,13.6508202871079,21.2121405354633,42.9786244433065,96.1976983156219,217.499392944278,10.1797067076252,12.173690562231,61.6971929622916
"2007-01-01",328.377243107011,111.644278530474,22.7152178260276,9.70066939606881,8.62561120033663,8.90128927969411,10.5414132448035,13.6513218664271,21.5190758773632,41.0113313157492,93.9938489849017,221.956227205072,9.16309220955982,12.4181731435776,59.5965816994065
"2007-02-01",322.263564333612,107.028134974016,20.0454920211087,8.92875161853945,7.9414291524249,8.23328239300692,9.79826240762092,13.2132575364945,19.1418630536496,38.3545254031409,87.7963664065693,211.133519673971,8.43512607619397,11.511671023146,55.698340434744
"2007-03-01",409.710242649712,143.510768426564,28.0668606825871,11.9210847589126,9.44248437746813,9.13190540580316,10.8066509054865,14.3573574336864,21.8129606627846,41.6887422984028,95.0553714800743,232.084142939776,10.6820745134837,12.7748035229542,60.4099544495056
"2007-04-01",467.534974061707,165.331264532262,32.922266811663,13.8354376489773,10.4737243854824,10.0557111975301,11.2074482427046,15.5406974953167,22.6266881074697,42.4708038644489,99.9685587094295,242.616775650271,12.1546774919875,13.5971791542427,62.6426416733393
"2007-05-01",489.019633927043,172.791502679122,36.1736693529525,15.0299844609879,11.6553820456573,11.3929191919592,12.7041191416112,16.9205689483782,26.3091019789677,49.0136236765885,112.82565376762,273.74628632371,13.342481864557,15.3574652975572,71.4022575866113
"2007-06-01",467.364770510502,173.423485237255,38.2521470570564,15.9005367685094,12.5319132494743,13.0939272522771,14.1412773091733,19.1782584575122,31.4465176781521,55.8833582778441,132.058247845627,308.770979162502,14.2157259531032,17.6544045385015,82.6114150376268
"2007-07-01",430.50163112956,164.841572580425,36.4762835986882,15.3310632959331,12.4629670595663,13.5668126703315,15.0063007742604,21.310296356554,34.6921425719993,65.0694279972642,151.836171242927,332.798286280089,13.8962632331423,19.0476690719012,95.5184217824263
"2007-08-01",389.996985530547,144.233670824886,29.6604448071242,12.438751758107,10.2512571846995,11.1914285562068,13.5389715760837,18.9751948930937,30.9262885731666,61.4708071786937,143.29978731538,320.102208655491,11.3441813094559,16.7100574679659,90.1912390111369
"2007-09-01",354.52406628544,140.429430532955,31.4470209491512,12.2382331672567,9.20465405027578,10.1596091998382,12.374961064303,16.6976759031395,27.2250336406173,54.0637975327044,126.127959520649,287.255428612568,10.7199555395713,14.9379893277454,79.3607047126669
"2007-10-01",331.731677794975,139.904703221161,30.3731786707611,11.9983360391457,8.55783547725326,9.6317430555161,11.3842928296519,16.0496807254435,24.525179295386,48.650210374886,112.754577971752,265.050528379949,10.276278229548,13.913753649703,71.1532408210205
"2007-11-01",298.421965167598,127.93463137989,27.368968866415,11.6731464103408,8.20377748520874,8.81838277290728,11.2163161610677,14.6328257051859,22.7069719301231,45.5659304880499,104.465774602622,244.904047707309,9.93651824857571,12.9808976526477,66.2422317328739
"2007-12-01",274.961070062477,113.76510967269,25.7261171871083,10.7458025149102,8.18862734724882,9.09539964278203,10.8418782816464,14.7117125490135,23.5411893709146,45.6140615494452,104.79442633068,253.50459076,9.46569298720515,13.12194097754,66.3890924491156
"2008-01-01",179.660140482233,67.2731921035532,14.1584514200375,6.76045365414518,5.39599813156752,6.4786708383433,7.91441792115322,10.1371470682383,15.4125543540383,29.3916258159012,69.6180526565635,155.627895745559,6.07802350265045,9.14480075110522,43.458760514232
"2008-02-01",195.415185625684,72.7706281512714,15.5949049321715,7.88927757917943,7.21411785204426,8.22283835136805,9.32683354799288,12.8515920493433,20.2993618168053,36.8507742953638,86.7022995123033,191.115433161738,7.55152574847792,11.5253428634329,54.2857033331297
"2008-03-01",258.861387108217,106.422536952883,23.6151585365192,9.82462970479411,8.30617964723066,8.98667316598143,11.0437133041937,14.635002631074,21.9007070799714,42.7513528600619,97.0824258658549,216.030742593851,9.06485633086294,12.9170013889687,61.7550276426335
"2008-04-01",378.994663985397,149.521683546618,31.8137512870886,12.0273883624039,9.14212589743512,9.88654627513242,11.87128393988,16.1223669304284,24.187761722495,45.7521508936076,102.083228303673,232.719586950839,10.5836202932361,14.1545465497617,65.4584201859941
"2008-05-01",488.385614018703,174.734449173737,37.0414800090845,13.5380313406737,9.63200733717559,10.5568833507835,12.035314678028,16.8052669921832,26.6552532284903,49.7894244267665,112.124527560151,250.922223269175,11.5833516577114,14.9787462924006,71.5994556871204
"2008-06-01",514.381555015846,172.202560722744,36.9723460508171,14.558550677245,10.4172897658252,10.859431292714,12.5849824736669,18.2399848123381,28.6002997501029,51.9289933613627,121.093531439265,280.55691819668,12.4860155314492,15.8718293413549,76.132290903355
"2008-07-01",521.401180979675,167.81404799418,36.3280858104554,14.6304388590763,10.4264407718163,11.6799858392768,13.9132107398962,19.2514810379847,30.3604743228633,61.2468872728524,135.574959338763,318.641990322843,12.5265082070124,17.0275469222153,87.2611573654166
"2008-08-01",430.687638493847,145.467556564727,31.0936827691256,12.4668386584831,9.16233244368135,10.4004369101863,13.1097243973756,17.9791310933831,30.4186431554772,59.2968121389774,130.853331825076,316.188825261885,10.8130687563583,16.0967466659362,84.3449765544944
"2008-09-01",386.227718578732,144.383792850422,31.2540338774584,12.2606096227819,8.69085448179089,9.97760769351579,12.7326977211539,17.9447625175667,29.2056538909689,55.188671102993,126.20866288319,298.992594569351,10.4740951562011,15.6495067332512,80.0529251511075
"2008-10-01",367.000778143422,140.831716628352,31.5496783096394,12.7927959681602,8.90832369195621,10.013089113775,13.0949780879927,17.2432490997755,29.2225224924815,55.7017750250295,128.628691917977,310.388850186148,10.8484213020421,15.6019131883916,81.2314208830876
"2008-11-01",316.8377742579,121.949051132009,27.0035000792812,10.9804925544642,7.62785076139551,8.56173393415927,10.8434704733752,14.6220739781027,24.2780749282812,47.0416477174749,106.576830334331,264.608020203115,9.30201736021334,13.1012366216656,67.8814048821713
"2008-12-01",287.537433669843,108.304055095596,24.9028585594145,10.7547423833919,7.88469474962776,8.76226622104152,10.5796266422806,14.5697012618852,23.4616840963651,47.0465225093886,110.903393766169,257.476387242766,9.31761008565489,12.9527686218906,69.3970889058926
"2009-01-01",249.170023059433,87.0882628555128,19.899915263436,9.24005430410231,7.45391157002996,8.38854826171175,10.3416617802013,14.7033012388244,23.0283021285436,45.1883420054612,102.302050732768,246.931881919791,8.3461889885354,12.7832913479494,65.0595677070495
"2009-02-01",238.129062574198,82.9713341501149,19.0183320688312,8.74068484254507,7.22750244215926,8.66745763351654,10.5693429443408,14.4649837945466,22.9585852129684,42.0874946550242,102.501717830608,240.847816814153,7.98321266995437,12.8705845924532,63.1068631596233
"2009-03-01",325.707291901468,123.287972220738,26.1273436414779,11.709014378551,8.69734482487275,10.1952956318316,12.4979241676724,16.6601092837069,25.6200155239039,48.9362837211794,113.641609720055,271.488191052751,10.2010116085471,14.8459820266694,71.4484176070946
"2009-04-01",508.516627523696,172.705564553863,30.1996378276501,12.8734583451073,9.05984871630556,10.4576312349312,12.4573744092461,16.9831045996927,26.5690710072021,48.6335855455655,117.296911611949,283.894050298306,10.9637037423752,15.1519011084926,72.5261858210431
"2009-05-01",629.58472887172,194.473695993228,35.7010168491199,14.1310023967068,10.4810533918931,11.1551665833606,12.9288507850968,18.7999579060038,29.5437490368445,57.1378242688493,135.989836625939,315.369415216118,12.3030088826012,16.4184048921448,84.5796758950949
"2009-06-01",568.344852741744,176.138132908595,36.6809337827714,14.2542832141297,9.81138532354852,11.3592964461393,13.2416923614052,18.286815692264,30.2043346992343,58.130454340138,140.786077528832,335.758368728673,12.0289209250952,16.5625657327905,86.9001447496131
"2009-07-01",510.377603071748,172.646686620903,38.4422499501147,16.6115673068774,11.7945687403319,13.4305517264428,15.0653951772388,20.3792275567025,33.9688137068183,64.0897961833544,149.249778429925,356.094420468652,14.1986364080804,18.8500500888864,93.7319009917929
"2009-08-01",477.181978850412,168.176875899053,42.1830494870881,22.3597574216229,16.9638725884634,20.7271239716504,21.314717150585,26.2840964115649,40.9577766881824,70.3063530325098,156.498120953452,358.356181862804,19.6566392021292,25.4911939271159,100.308337133278
"2009-09-01",396.824207475521,154.462372580588,43.9471976198343,23.877283583287,17.8645586048688,19.9802191331312,20.8084551112545,25.1889523013159,37.5387597672723,64.1249080890014,142.959476639032,327.679339340702,20.8649176147392,24.2909094060163,91.5666460761618
"2009-10-01",354.640353209585,143.407910483752,38.9449710445942,20.0913072095784,14.4170879572332,15.8499591706207,17.0574920196865,22.7270514632573,33.6571846360816,60.098138356162,135.578030108447,307.770428201886,17.2483552850122,20.6888116387973,86.3714520976296
"2009-11-01",342.955441469489,134.210765227416,33.9621249634652,16.5978424613709,11.5719295478611,12.7205291989841,14.0936380521677,18.5000096265121,28.6525506628288,55.2518097996737,125.890198366292,296.371661007025,14.0795544133614,17.0447526032567,79.8392325740388
"2009-12-01",300.942076270772,121.61194053282,28.4608183685436,13.106109553036,9.69937093216559,10.7407697854856,12.1247150394999,16.5116240776037,25.0637725184197,49.4657615331113,115.697372196417,275.32210870267,11.3990198825339,14.801755349418,72.5186931190377
"2010-01-01",296.977247214084,115.262209830027,25.2391063932217,11.1706883580595,9.50645427635954,10.4350880273961,12.0511277524443,15.963063523354,24.2974619937077,45.0488183927175,105.477699676387,243.383627290522,10.3413551097248,14.5319868565216,66.3363976453078
"2010-02-01",262.674784343947,102.560505963824,22.6533717439529,10.2870813814871,8.71368939058882,9.63265721103004,11.4390838757585,14.7608891006707,22.2010948421427,41.6286590284438,98.1452461451647,238.719407195865,9.50297086366577,13.4677968620671,61.5397858930853
"2010-03-01",352.222132674997,147.46632887333,32.213920939466,13.7333665572475,10.076564081573,11.0174493031947,12.3622676685381,16.3054460288259,24.5558176409047,44.3770703783267,101.996197385518,243.01817048666,11.9108664899012,14.9304168226171,64.6784164303619
"2010-04-01",494.101009517959,186.737948840203,34.0806118998295,13.7379937912574,10.6620332631671,10.857445974897,12.3798817819011,16.7522974679218,25.6884551479329,46.3217043248893,107.731369258298,248.40323996735,12.2051984012572,15.1819836774619,67.9592201648014
"2010-05-01",583.006248444504,210.338436348223,38.7839040853871,14.7336204088666,10.6473606276907,10.7957888024201,13.2414405534189,16.6668917020878,26.8042291117043,49.756342863515,111.156687621746,261.883196439735,12.6976725653546,15.5694259816841,71.3911992784352
"2010-06-01",564.613647980387,189.292660745846,36.0627419717056,12.8408574408664,9.62695324595721,10.9495477497478,12.9330270370549,17.5458496002618,28.4439041141303,54.643212124142,122.282881978272,285.240306523023,11.2397859681062,16.0212304570904,78.4772293553968
"2010-07-01",497.688551917839,168.183010623543,33.6871447894078,12.2033159223488,9.62364186381794,10.7422794692018,14.128060061641,18.2503921101369,29.7531173395671,57.3486309366759,135.169370369093,312.994429005596,10.9181921321574,16.6692173404697,84.7756888702356
"2010-08-01",397.63817448433,145.308393251935,31.7843861927625,12.6965346556159,9.28881696716568,10.8535720390405,14.2886337874357,19.1554644629586,31.4483039115863,57.5578972934749,129.998896445111,304.152902073082,10.9988928001446,17.2519316616512,83.094119503699
"2010-09-01",351.922080820496,145.462202671582,35.8051415770395,13.9419077076018,9.63027253273048,10.9902300411643,14.5603765401618,20.4756054352323,33.4172600114414,59.5293762952657,140.027331108082,323.112829344135,11.7939446112452,18.01690433974,87.9115501566186
"2010-10-01",319.829157612276,138.214474058535,33.6356293611869,12.5912718885418,9.49948028350007,10.5423334620458,13.1863685310139,19.3868059330851,31.0232585353468,56.2982229867027,127.660776837869,300.946367832458,11.050758073404,16.8326026872798,81.4605050772713
"2010-11-01",311.530901761306,133.514152052323,32.3641287336373,12.822193052759,9.41511237082688,10.1264276368931,13.2252026705982,17.8642834669223,29.7204696407733,52.8786466261505,122.675279556326,281.450020238972,11.1243074853883,16.1295503814333,77.4898577210308
"2010-12-01",291.839529645478,125.898694142389,30.4041109667318,12.2812440524067,9.49673670875248,10.532160062796,12.9109162946232,17.4498925117471,28.6305964205296,53.8747522842959,125.681635618801,297.11657979765,10.8933860894075,15.8912132679133,79.1959064368026
"2011-01-01",250.844455443549,106.980440883614,24.3895847775003,11.3950245780544,9.55288429835094,11.1710579461786,13.1195247354413,18.1259997881873,29.573018730831,54.6987113188095,137.820965880887,329.431761589696,10.4708610324908,16.5460066265853,83.8136455372992
"2011-02-01",231.291809131533,98.4288998567951,21.8320755061677,11.5096929649515,8.95686558254189,10.5356298535269,12.7278723770859,17.1790171248915,28.0522265652186,50.0740262556551,127.760847276649,307.249830458046,10.2291400702914,15.7503172030569,77.2952662106273
"2011-03-01",361.504698057763,149.224755511599,27.4533223620799,12.1799761459852,9.01817481452554,10.4624973353104,12.204931368884,17.0297361578902,27.7226261957452,50.9208259519818,127.163970157843,302.876783797771,10.5941319983482,15.4925429469796,77.6461875262873
"2011-04-01",574.588035751959,196.353528796015,33.3408264089586,12.2019265568071,9.1899888790709,9.7083618571757,12.0230680477882,16.4742673467165,26.8521895194732,49.0218356637442,126.000279536415,297.230292937901,10.6915877804273,14.9204555992404,76.0084518043036
"2011-05-01",615.074829158651,193.146941504551,34.0451414421449,12.5117407747613,9.46854852699926,10.0072643473838,12.0628079708765,15.8932662266831,27.2553374222484,50.2592504617784,124.094263251352,295.397401092402,10.9860723797566,14.9628723590982,76.1472350425978
"2011-06-01",536.89417527728,174.428179695362,34.0614868486034,12.6676564668152,9.52757804102469,9.97763879231604,11.8253464408376,16.9944826745113,27.9262790519106,53.8701830230998,129.163301652773,315.322363972944,11.0937695359879,15.2626945197309,80.2728516962232
"2011-07-01",469.132433568809,152.093627480496,29.6293844583043,11.8136967308255,8.77697993872508,10.0281590754524,12.6242618781262,17.8346461423033,31.1039491810325,59.416180554514,145.776410384077,346.725940385471,10.2920488523909,16.2512969326535,89.70834151523
"2011-08-01",355.239292787023,123.651013456269,26.9979164602066,10.4517290373857,7.97266274381144,9.19857633277508,11.7308009720907,16.4242831433437,28.1976741218864,54.618175374706,130.256846217436,309.229663482553,9.20986278573393,14.9060879238526,81.1571625399247
"2011-09-01",319.733975996819,121.171959754844,28.4686421426586,11.2244511624665,8.92823684591997,9.53516397743903,11.7635395911957,16.7770366331819,27.714389176622,54.0826709003145,124.147602523041,302.486468321667,10.0745092942608,15.0213764639925,78.6730492377685
"2011-10-01",291.496248828996,117.075131924793,29.1384006637619,11.42606959462,8.11083996418957,9.15246207140313,11.640288995783,15.7684185711908,27.369226854681,51.6977580820863,118.951211602511,293.223463234283,9.76601824884939,14.5702226720446,75.3058624110443
"2011-11-01",284.774453304649,111.940653075554,28.7026863032735,11.2396845787692,8.43386243809885,9.16349733503915,11.1093017432696,14.8416433694847,25.2138479417281,47.1834364592609,111.363631311757,266.342878392825,9.83489119628245,13.8352239308558,69.7169928469509
"2011-12-01",251.519789398978,100.637496175033,25.83403816784,10.999742068092,8.35662665141827,9.092026267847,10.9246249761157,14.4419453819568,23.9884970317178,45.4655423827619,103.914599705667,255.919056737285,9.67658067329555,13.4538570958752,65.9907978531226
"2012-01-01",211.1446717281,79.3464692773179,18.4127523782689,9.06847389570611,7.81635587088417,9.31735102896102,10.3784399892861,14.3086686749414,21.8742676261049,42.176191730106,102.011978584479,243.299535651711,8.43301001247906,13.0246015339104,63.0272394928623
"2012-02-01",195.230954285316,76.3331223240486,17.1892488182488,8.5258468173987,7.14503036748785,8.14257639242804,10.0954696999499,13.9888608160123,21.6160722032804,37.7798253169458,94.2033582677342,229.617768045443,7.82517184264162,12.4573689982168,57.4480134547593
"2012-03-01",278.164980266469,118.621427115316,24.1843144554283,9.96446191459901,8.08391341849055,8.92181475416862,10.7001425127057,14.3480424167856,23.399857652974,39.926662895157,98.0904903676208,245.953307123815,9.01034821769434,13.2725866673062,60.2079053629213
"2012-04-01",417.148613341759,160.710557431627,28.6726519559646,10.3360953677066,8.46306908498662,8.61759181378682,10.5647699329076,14.7575193080402,23.4813345554435,44.606023450598,101.844264652602,252.450952745492,9.38614308531915,13.2512384701013,64.568064047194
"2012-05-01",523.426912738897,181.08109074203,32.708033850775,12.4254942568322,9.58478723943099,9.16719592644729,11.4239803964496,15.8847343090485,25.8204099180303,48.029136488766,111.533736030421,276.455869520019,10.98528279134,14.3432364498973,70.1805299416094
"2012-06-01",538.179532924844,170.09407667136,34.8380457524153,12.9027778780258,9.25831591099788,9.8019679609146,12.1198737662699,17.1236100029996,29.5307699702229,54.3324131327733,126.434123273917,309.023055796443,11.0557446171136,15.6911446349049,79.4870928285924
"2012-07-01",492.362549831844,150.908898141073,30.973393621996,12.2918359591703,10.2900750050731,10.2959163209472,13.0954455407771,19.3204096340113,33.4583241029392,58.6818162905247,135.976120243081,339.750338396751,11.2776994714122,17.3293889357814,85.6513747859658
"2012-08-01",386.917461372029,129.646068294476,28.7190934740851,11.3439285014416,9.16599926176184,9.68655393400981,13.1317204147645,18.251540804826,30.7812176244821,57.1022719083957,134.383985627138,330.287494831978,10.2409408110495,16.4141017568582,84.0707462577237
"2012-09-01",342.225011373986,126.830789371996,30.1618931842983,11.2278349097108,8.34857591065025,9.73773989127437,11.9906610920328,17.1805093259354,28.8998615969558,53.1576373356783,125.414077242666,310.232948725239,9.7701953638488,15.5312147856338,78.3755799011879
"2012-10-01",308.579440350823,118.500809276426,28.8872442090427,10.379790028335,8.25331956229314,8.84284090978065,11.5714603471608,16.3219498605033,27.5465738190723,50.962689490403,122.127977806356,304.322116811001,9.30336489699238,14.6912804600958,75.807361373789
"2012-11-01",276.395853038672,107.119188342607,25.7634563095824,10.3361508481619,7.34550321923057,7.93220458817723,10.7547562888416,14.5077169919955,23.9023088352136,46.4779901073125,109.67070092123,283.022142587952,8.82243370436115,13.1033893559528,68.5460524688126
"2012-12-01",230.931210401556,93.1339560123964,20.8234886456224,8.42674757078692,7.23603732021521,7.40977030621895,9.81504147004251,13.6786717252852,22.2909405369327,42.0135078522107,102.612382886524,255.826127619249,7.82413174409723,12.2005675113511,63.1822058213814
"2013-01-01",221.607148042879,75.9560033626008,16.8526140351641,7.74973357344623,6.62725852895437,7.48849589411873,9.91515949313538,13.1804468704821,22.1632523401179,42.0980378038603,100.25775869207,253.921176218745,7.17257019537616,12.1733656126559,62.2589607611252
"2013-02-01",205.804521780697,74.9995173672128,16.2649099296958,7.47993109036893,6.58830239559629,7.82027288074807,9.62032678888853,13.1518451363647,20.6363196714364,39.2131363975183,94.90392712259,249.463695185593,7.02153728314348,11.9078235668792,58.5216212656558
"2013-03-01",302.684774220487,118.600791247499,22.8061804986798,9.38033983974534,7.43817095576687,8.05697895517097,10.6877732124553,13.831131019868,22.8035453857004,41.6616536034661,103.568916251053,266.587677725119,8.38200939094224,12.8281022034478,63.1292411942431
"2013-04-01",447.535416987969,160.007316596978,29.503190852044,11.2040342822701,8.56954818300381,8.67092927420555,11.1957248595473,15.5365462428756,25.067945208192,46.1124218490219,110.82825288113,287.177580449003,9.85008480355734,13.9710078550373,68.5569041840161
"2013-05-01",526.874978722438,172.481682958589,33.9134043862342,12.428408955334,9.68981692875527,9.82397779205147,12.2585410030752,17.3580474486239,28.3097452860093,53.6512405599046,124.14862636626,314.379988229926,11.0212182365342,15.6397309492415,78.1040979756913
"2013-06-01",504.662943827316,157.151681640158,35.6152676610587,12.7902994289832,10.3498254405413,10.4917748368408,13.0784683766663,18.9384840132896,30.1135670921717,54.2809260385306,126.904079069978,319.217886374646,11.5365269516343,16.7710287959728,79.4744761202258
"2013-07-01",492.154609154635,146.431327027791,33.9757791224091,12.9922264714004,10.8302616836816,11.2025819549543,14.0857445409538,19.7327164974206,33.0786909581538,60.1159399370707,141.058416614765,346.939230318621,11.8816495328171,17.9968984107583,88.1978452997989
"2013-08-01",397.391923259881,126.407295769871,31.4789151452323,12.3786988013116,9.65927349366384,10.4392164509131,13.2680927118835,18.6386172607573,31.6059320410903,59.6730500065147,140.512634913704,361.629060406081,10.9819041359008,17.0116430987785,87.7215767433505
"2013-09-01",313.033555476,119.868484410672,30.3961072548356,12.2114364788408,8.41188856043001,9.46122494240502,11.5885428278014,16.4060108634635,28.7780982608303,56.2229401889337,132.519108362567,332.45928072255,10.2600527969677,15.211063067123,82.697252483191
"2013-10-01",304.620938172211,117.95328532304,30.1191821391412,11.6444557612987,8.21475813256009,9.00791185119734,11.5184786393413,15.5290646502279,26.8576388001152,52.4777207740887,126.216770381566,320.376377288653,9.88290451376093,14.4919405789136,78.0694592727501
"2013-11-01",282.497153630428,112.636698255658,29.2175894368654,10.6927699172569,7.39809428053264,8.37371933939301,10.1921494565707,13.9158695018641,23.7572014016749,46.390365291376,108.684880337023,280.153087368691,9.000456281295,12.9875203668064,68.0141924834978
"2013-12-01",247.843173772165,98.2291524397692,24.9579095588153,9.54766683338325,6.78931391625476,7.75709248416524,9.67683495388431,12.7133607307819,21.5980316706081,42.5809455188668,102.248357396554,252.837201469872,8.13074205546059,11.9772383472041,63.2966954351438
"2014-01-01",226.166882009844,84.4503952241148,19.6219233077588,8.22518201076238,7.0852512275551,7.94393002421599,10.3241886641821,13.6393083765639,22.3114244752134,41.5796872114917,104.500802668349,269.307155508559,7.63181651417919,12.614286178909,63.2902877990356
"2014-02-01",181.910205605045,70.6425748410652,16.9030829715783,7.51084012229421,6.38817384996659,7.13284458605885,9.02732788473775,11.9562279479017,20.010704253917,38.2573603514249,97.5229565263904,263.97012496397,6.92652280146841,11.1867770178659,58.7076983729187
"2014-03-01",217.262207743731,95.3228664785872,21.0506350804031,8.94468632285845,7.19226161137773,7.86660949795734,9.76816581005337,13.0404586191542,20.5287261895103,39.3249644816441,97.4756280299229,253.780053708279,8.03269291999778,11.9624000012983,59.3916191437073
"2014-04-01",298.784901765334,130.532606884402,25.6558622545715,9.83153093066636,7.84953049700936,7.92806193640997,10.7436925866977,13.7800168121403,22.4123093376656,42.3721837845007,102.393997462011,266.468810301157,8.80018561496416,12.771449967149,63.0906092859076
"2014-05-01",435.375449149655,158.62686754379,31.6515362526216,11.7351623191079,8.37265120000248,8.92862776616159,11.5218023258244,15.4869084000991,25.6052962706435,48.71480662461,120.773701598022,310.173013679287,9.98566990312193,14.2859070970542,73.5955144547277
"2014-06-01",502.431504604665,162.97690790496,32.5577606718395,11.2263266208676,8.82211896775812,9.1753413275051,11.6578193515197,16.1524210418585,27.1881474508118,52.091402282606,128.268484151208,337.593506011135,9.97558315494186,14.8495353502198,78.4017830729406
"2014-07-01",454.341281924076,129.147293007093,25.6716531908168,9.80934825768492,7.97626608715697,8.711320488593,11.5134302816042,15.6092634185378,28.4576454970633,52.9365066918931,132.253061970683,347.092195264002,8.85586412471893,14.7778502069537,80.3393463514648
"2014-08-01",371.616248505754,121.150003831901,28.8603658896608,10.3160297420649,8.12203550767583,8.52088404671472,11.8051217385868,15.3879906238583,27.4887395610269,54.1639891971233,135.682398883074,354.923013770467,9.17498615763904,14.5647047257183,82.335919222767
"2014-09-01",337.022656578412,122.304869121506,28.6950213688416,10.4057929971648,7.39657360988998,8.38957376191337,11.1353015616147,15.5628719711207,26.7375931900788,52.804114839804,129.416509743583,338.372562580358,8.84100407813705,14.2417130832357,79.2884681663574
"2014-10-01",311.064766830856,121.113415180175,27.8389112793907,10.0053632748323,7.16122491265839,7.9002655276529,10.2243639186882,14.2692448722474,24.980455868817,48.5663897155278,120.968387385444,322.006294463754,8.52637733958946,13.2120936638444,73.6009389649469
"2014-11-01",274.644350673537,110.702738219821,26.7525249860727,9.88295675323055,6.44606702747525,7.2994956138648,9.73232674766116,13.1301226545724,22.9750550670501,43.7873609793177,104.317830930932,284.947596647055,8.09568604292365,12.251469082953,64.7218502017679
"2014-12-01",236.238321968056,96.4665549168178,23.5519077577577,8.35463668057471,6.0483161116261,6.40931097276632,8.96054966137855,12.32268406322,20.7327748914663,39.9841852760894,100.025394043837,263.395556550381,7.15525935811982,11.1587011061436,60.7542117829886
"2015-01-01",196.663428063184,77.2159330840795,18.71733832788,7.34271925269961,5.84341641637178,6.65104199657946,8.65582525815534,12.1367868436266,20.3829734228674,40.7143530700231,99.7837174403651,271.027383128438,6.55721139052882,11.0923937187781,61.0716552342651
"2015-02-01",169.120810573381,71.4784869685832,17.6286189336528,6.83773662398599,5.5067719488432,6.17914936799324,8.22078658799461,11.3773653872069,18.1141879337527,35.299929032527,86.2973563718921,233.535828784249,6.14039468127978,10.2194844350227,52.8766122427037
"2015-03-01",242.096889000544,113.638914577253,27.0491679156765,8.91000003734283,6.16805402645342,6.56732993984267,8.88870347809763,12.10279363903,19.9298771476426,37.7545327022162,93.4726036773449,260.965877194313,7.47333269929702,11.0320228348806,56.9595852903592
"2015-04-01",414.788720185182,156.83751585664,27.0419252985737,9.42991943454131,7.28674186364145,6.90486822426982,9.15281739703869,13.1409858804195,23.2021671305751,45.0928705615519,112.907435598264,305.300219292504,8.30707754950146,12.0690881496026,68.4698566689107
"2015-05-01",520.019518939927,161.82090718782,28.1905836465343,9.96444943194925,6.75667868178103,6.97572477337023,9.79276847071637,13.8125677118535,24.366998026514,50.1865350889976,129.449428869188,353.044216528345,8.28399432670181,12.6410047946334,77.5128850401319
"2015-06-01",486.842703420779,143.673525832443,28.6153456566652,9.71517161343258,7.29167366158617,7.40448673507979,9.90403125874166,14.1755829220785,26.4622840772106,52.95057420202,138.314555535048,374.014358882934,8.44568126517655,13.2822572417055,82.3834421552883
"2015-07-01",398.390779052853,119.738389560855,24.7120315713514,8.96329456306586,7.35519651751895,7.80244288331703,10.3069665324775,14.9322060036614,28.0046536215867,56.5623409676779,144.887544349352,394.764378573835,8.12095197442287,13.9795629065652,87.0236124107312
"2015-08-01",294.035944273749,103.794184378396,23.0135427210446,8.50301079365682,6.42949239552747,7.02893943166572,9.25318491970954,14.0378031271075,26.1530999073093,53.6517866922799,134.188209643481,358.294175974238,7.41690125130576,12.8943409356463,81.4336406271727
"2015-09-01",243.519338448951,98.1338830004281,23.5082219425179,7.92415157025181,5.58612312221625,6.65828379428108,9.11591986764229,13.288738174213,23.5796167654983,47.6929474455872,120.553907143484,326.12050634872,6.69952115624727,12.0788923392141,72.8331821215626
"2015-10-01",235.041186186858,96.3409352238025,21.8189704084155,7.71833605972618,5.99345482263184,5.99773619390827,8.3576008031539,12.1640278058173,21.8497910749426,45.3170679719969,111.193627567967,307.611406622617,6.8147191270809,11.0781207954899,68.0479975668821
"2015-11-01",214.63527276671,87.279386412513,20.164812518236,7.12597642799398,5.47413980313281,5.82282128948465,7.95834572190723,11.3668364619224,20.0608698581858,40.754799885524,103.92473637368,283.273043988435,6.26048644758718,10.3890529338151,62.5523955159593
"2015-12-01",176.610234571495,76.2017943804936,18.2473661683721,6.79452616914728,5.36766913120325,5.8495746774252,7.64180142787224,10.9496286347004,19.6220464645797,39.0142937522073,99.7713686076321,268.442131364758,6.04679568832685,10.1285176831552,59.9798742017415
"2016-01-01",146.666523129259,52.9420979796225,12.5229615606632,5.78066797146284,4.92730664433197,5.65158091399955,7.53344893787468,11.0074436955607,18.9672634024711,38.4183027288784,92.8893764730849,256.809286189812,5.33171482178543,9.97477900322352,57.1849739033359
"2016-02-01",120.018295052426,47.9194987114497,12.2734000103243,6.02574978508033,4.94764278555196,5.70931252349923,7.14492364887737,10.3580241892542,18.3668044084612,35.545609873659,87.0647365980153,242.673746185645,5.45840004611547,9.6173103840246,53.2959417907056
"2016-03-01",174.609039246911,83.6620806007548,20.1910773549689,7.73025377772661,5.71651282101537,6.53862823875532,8.55657170727811,11.9974747993136,21.4113230318342,41.363317864535,99.2357514027373,263.888618164227,6.67023582794302,11.2179898401805,61.3033756403553
"2016-04-01",270.416743249673,125.948142136665,24.6175118380941,9.77850168548698,7.67772627230658,7.66725550752705,10.7545975971936,15.5820128344503,27.6523810095651,49.7422688270299,110.470660631789,281.340224887694,8.67237503732398,14.1908492413903,70.6655797012058
"2016-05-01",355.278487709221,142.034450463367,28.3896574672401,10.601144369086,7.31882559827548,7.92866208074885,10.9272976242109,16.3945563124605,28.8563055226236,52.6958791674285,113.838984695505,298.509300313852,8.87243708166182,14.7354060684259,73.7612966893334
"2016-06-01",451.318733211021,148.229732991313,27.1813676336146,9.79051325726218,7.08946449213867,7.40266000557773,10.028138820545,15.8689756738131,28.914687877334,54.598994588251,121.277427362908,333.989413595083,8.36756708103951,14.217617057631,77.57062938388
"2016-07-01",465.725917305084,135.592382366615,24.0063462586869,8.61639101605692,6.35783640316635,6.8613648025817,9.73347710045476,15.0384103522822,28.2397369829316,55.6845921130006,135.299994205149,359.819577809798,7.42626066406145,13.6484325899114,83.1125948078097
"2016-08-01",350.956779114897,108.916045742571,22.9111213857022,7.54867839693173,5.74940239775844,6.40095008904373,8.84738783289353,12.9324520252703,24.0596000959334,50.8318901250724,120.022340340652,340.998448204799,6.60032661432155,11.9737336677703,74.667914017671
"2016-09-01",277.215452415276,100.130051981764,22.905572739855,7.44847333491871,5.28419483774812,5.76467179404605,8.18341240009065,12.065745133854,23.004051262676,47.0548758121931,110.745019650359,304.608984147216,6.30745552672397,11.1943681524593,68.995574037172
"2016-10-01",245.453237436692,97.9236231870653,23.4363698788537,7.37839227626574,5.3139325829158,5.75784980242326,7.74261545871967,11.7807598712052,21.1320643704287,44.4127247851808,107.862956349023,287.945228321774,6.28974506685157,10.6456627655206,66.2684533698637
"2016-11-01",211.96756778524,88.8252053766777,20.3660223064889,7.07430252435576,4.95130740895513,5.25377322173169,7.23773979486396,10.3466197344746,19.0547912884055,39.2149728483936,95.1107548867119,261.495229316422,5.95452668184518,9.62171393580007,58.4664884344029
"2016-12-01",195.55280540292,80.2824764234563,19.239452229855,6.91379352378318,5.0826398717823,5.30875617966213,7.1270981073394,9.99106761030502,18.0638047184418,37.3554885610174,92.7703730103325,250.757941174683,5.94772463518304,9.33435255120459,56.4393423184077
"2017-01-01",166.275269034921,63.2757894561014,15.1771732843232,5.77504991813566,4.78895607299521,5.25888605162967,6.8851086363852,9.84390316502387,17.9211350104006,35.5446878672876,87.0852578234889,244.696746075697,5.25633865913854,9.23366483988657,53.3004826613054
"2017-02-01",155.159851488642,64.0512317714841,13.9890184380485,5.45212089547699,4.93090063291401,5.03398267677567,6.61760204429583,9.63995790567023,16.2156844806407,33.4642347884573,82.1451851057325,231.125874265228,5.17788110930925,8.71402523114948,50.2327565618082
"2017-03-01",242.319488926169,104.326719677105,20.4562785995239,8.16545903488874,6.89468020554567,6.35293709741626,8.01905991407119,11.4151435148944,20.0164526694967,41.8368019021286,110.370353506356,306.986346963843,7.49668288127016,10.6430635684909,65.4407029894344
"2017-04-01",332.934348991491,130.417759856711,22.6508865770964,8.46439147810586,6.11964140419208,6.01829310041431,7.67422451815899,11.0497586030362,20.4670012279461,44.5194526345185,109.02314285747,314.370102977011,7.23022254813839,10.4501979504717,66.7288681123137
"2017-05-01",405.321509264976,142.508117657013,27.3235208500876,9.47634383334209,6.64174819456639,6.26832509959105,8.27281226992438,12.2919336068998,23.3468931566146,48.1980391480288,124.503737925075,353.258541708921,7.98411175074506,11.5369045410089,74.4632759365977
"2017-06-01",422.116548122729,136.879952249319,27.1019838551055,9.59125240979258,6.76361596560856,6.58245304961504,8.56617730710622,12.0644009299053,23.5802310707366,52.4887075408831,133.729034438199,371.415575321303,8.10245363859158,11.7021898652064,80.4442256867785
"2017-07-01",355.297761624102,114.910288966131,22.948020920707,9.16894642416967,6.36007389537644,6.18396951436634,8.70273927437252,12.8231791602656,24.8186462629843,55.0337531319847,137.129942375365,392.529114639327,7.68967291322454,12.03627619629,83.2787812997903
"2017-08-01",277.822714539928,102.32603988181,24.63422848091,8.56271866905455,6.14982262616847,6.5978364317556,8.69263875337365,12.6445897341013,23.8501787432852,52.840900828917,127.735617613906,365.984620703762,7.29167935102458,11.9271541345308,78.6037106664149
"2017-09-01",239.573152114026,100.678983990789,22.9830595382605,8.39349566175086,5.41672362141631,5.78540582602874,7.72001681529779,12.1392556156937,21.6181770954416,48.7392039170211,117.512276857984,331.965597033707,6.82504890136658,10.8665699817536,72.3920501072697
"2017-10-01",220.723870532608,96.5580555129001,23.9605280230403,8.4401242433306,5.65517572873796,5.5368826338653,8.0068275273489,11.4788329981991,22.0489485179038,47.1464954972795,116.279477169066,322.746544198601,6.97239601947615,10.7984981324501,70.9199605360037
"2017-11-01",209.318279262541,91.6359665762401,22.8892631672932,8.03443932774231,5.44642957429597,5.50279016338704,7.14459569322081,10.6748918699001,19.3648728153506,43.5619947807312,102.801359278114,289.836041928253,6.67017479193042,9.84544522025893,63.9305276392351
"2017-12-01",177.945122910682,82.4906868219163,20.3408402648409,7.12266930964467,5.0866392134791,5.3366442659685,7.12622296667516,10.3169910474875,18.1276262474727,40.9045543119251,98.1501007024117,272.43178906521,6.04912242601052,9.46651137989088,60.5849198626742
"2018-01-01",150.596033953988,62.2038939558818,15.477431288879,6.79622433709273,5.06630270824692,5.24727476132539,6.98247396418361,10.0445950565985,18.1380510337474,38.7618519089267,96.4458377785104,265.610485985493,5.88928317793218,9.37992530330044,58.6406713390453
"2018-02-01",120.672755871598,52.8923828131223,12.7817021175726,5.31082999797312,5.00070202615186,4.9117513103558,6.57075295058798,9.66098177675137,16.5605288138083,34.2068048842273,85.5935644276265,236.816322902422,5.14821026710927,8.76747062151772,51.910855573526
"2018-03-01",178.156461337313,87.4495557644145,20.9180764048845,7.44113282499847,5.32996877879135,5.43154362012133,7.17566551255429,9.7643577119204,18.174159962088,36.9179547736918,94.0233421013414,269.542300532893,6.33391302380083,9.42645802277693,56.5870517639451
"2018-04-01",274.209139771287,120.500329918358,23.9336676112258,9.02333566842394,5.97159494885321,5.98149191107064,8.09044171258942,11.2902407324699,20.600619012152,41.9302931749903,101.814500587361,286.534986257555,7.42250975629796,10.6728896565869,62.5525084765992
"2018-05-01",372.386445667265,140.201256943661,30.593794577054,10.0776895180849,6.71898844888615,6.70189195631904,9.17510465218671,13.1261360503511,23.8970615039077,49.1707822036274,117.098171181909,318.394153413439,8.31550064930324,12.2597102888294,72.5582668750481
"2018-06-01",399.664000411772,134.429448164425,31.2331515702047,9.80943307782874,6.77545466402981,7.03753078163663,9.50997224181025,14.5173527604979,25.762921387821,51.5145693809775,126.611968371816,343.330480332734,8.21730414780729,13.1432408929639,77.3656669512586
"2018-07-01",399.672846621185,123.867961439284,27.8321388247041,9.91288909192848,6.35228414201733,7.2305279505311,9.66398897461263,14.7802607542807,26.5706261358956,56.4373385262843,135.180287284069,366.393406257229,8.04418276634857,13.4618841010125,83.5345457801953
"2018-08-01",304.097380933525,102.849353061815,25.2370657489696,8.63777509606636,6.16883632669556,6.77632453650349,8.91368404370214,13.3810681018605,24.5369364538184,50.8192932595482,125.072120303796,351.187375583313,7.3418523737774,12.3944492637803,76.3630292954999
"2018-09-01",277.926319348103,99.8282106275104,24.6631940526955,8.75659334863504,5.67519965246628,5.80713715637003,8.44245843288546,11.8123488270918,20.995404783408,45.5288273648322,115.217533205126,316.24399637892,7.13900690085496,10.9125588861775,69.4946414991516
"2018-10-01",254.60735655199,102.027056718126,23.071334839452,8.04164804849384,5.65297885318352,5.74454726590635,7.40872929203142,11.0180081609466,19.6624130991403,41.9763409958733,103.247327585336,298.098706754889,6.78746411877781,10.1656187407054,63.0435849339837
"2018-11-01",237.75431014057,94.4452164957561,22.5412001630809,7.91873095789417,5.17269410423044,5.30202062622155,6.85073110318047,10.1544290287572,18.4048681939093,38.2545486295429,93.9017175107228,268.261958588856,6.47662728930733,9.43235978092787,57.3847212984922
"2018-12-01",201.087678529631,85.7068846096986,21.3816962648004,7.56188643964324,4.69963716969107,5.07282305513946,6.46571456528846,9.47584624508236,16.7418247421689,36.6024072610441,91.4769885140859,268.81159994371,6.05845905962057,8.77335007944892,55.4636325568875
"2019-01-01",182.128620302587,65.1381398464077,14.7821727902337,6.28845755196352,4.71102135015126,5.57536988613698,6.95739276274201,9.84280097181906,16.8931764918968,35.8745532615916,87.1430856109527,266.065270774595,5.46456370698189,9.20788421087529,53.5773283967039
"2019-02-01",166.904504293199,60.4963317347861,12.2376145602646,5.62353068477149,4.69396446919242,4.67929111896916,6.44226663835347,9.10086151862747,15.2677498539039,31.9394085174487,78.893314582824,233.234765899516,5.13794463403172,8.30465222476148,48.1487951229616
"2019-03-01",276.290759637164,102.079389003544,18.1672997772553,7.11462313264832,5.26875979817907,5.41881638448774,7.10157225533884,10.1969920294697,16.9817833456697,35.4827359078459,85.503414306794,253.444894814035,6.15023520030366,9.29967724267024,52.7470260678217
"2019-04-01",381.975986184302,138.393211240912,23.1693219485612,8.25250745924012,6.03390781925886,5.78291688319631,7.79565945169307,10.5562078510066,18.387548242706,38.4790645048769,95.5933257989155,279.604113724227,7.0933346198461,9.95845238831183,58.1889233181958
"2019-05-01",423.854907885039,146.62521900054,27.4141687376098,9.76971432786656,6.51037171263219,6.72793238178774,8.44293539558129,12.5040171360638,22.0390373214928,45.6991129102917,114.226985998139,321.406078087595,8.06670781437712,11.5983268697447,69.3444733581882
"2019-06-01",382.362824332762,138.044812793321,30.9595678936175,10.3077816721797,7.4560090055308,6.8224883811358,9.15649280743451,13.0303507452564,24.0764148610366,49.4764038416901,122.024411227169,338.374883687506,8.81767200259024,12.3477403629889,74.5054239809358
"2019-07-01",325.213435358985,113.885538851618,26.3133886851861,8.91106167953026,6.55937245928048,6.90188801518486,9.91079259971799,14.4652946381975,25.988505032949,54.3886187623512,132.093489405224,371.076838946142,7.68202167579651,13.2921723679135,81.1914638265449
"2019-08-01",246.441194136313,99.82492833213,25.5557952584249,8.50155329804961,5.94453589298508,6.53517697071607,9.02372049620198,13.0758188105528,24.2421627066419,51.6273746096592,126.090172667871,359.868475347815,7.16495005985813,12.2692196044984,77.3068531300262
"2019-09-01",227.603913677052,105.104444989303,25.990299851052,8.56605706210953,5.96470008269079,6.05543422665911,8.33190214013363,12.344629211863,21.4682150768328,47.6093397038549,116.885209303132,331.346372935606,7.20601766956257,11.2158230216367,71.4953122491748
"2019-10-01",233.033046821346,104.517143054749,25.312041938332,7.58021172161047,5.92032056168194,5.88152971297852,7.84052670050061,11.6909865931892,19.8888543556011,44.4883734389049,110.474420077935,309.620529592275,6.71220558776786,10.5632428485963,67.2408103436945
"2019-11-01",212.907854973281,98.1450534717433,22.5782592906737,7.36868035183815,5.10451285800113,5.21579791823846,6.64778693445411,10.3164516412604,17.6818401175753,38.0127355593626,95.059960175397,274.920056890289,6.18443042489375,9.28161240257434,57.683679365647
"2019-12-01",184.883366443439,86.2438295873545,21.010613046695,6.84070744461142,4.98101770913985,5.2153655850975,6.88907843379452,10.1025706210177,16.8768549514193,37.2329788809524,90.2228647833408,271.734743675873,5.86781030138597,9.13548350410017,55.5055024850149
